subreddit,post_title,content_type,text_content,upvotes,permalink,author,created_utc,parent_post_url,submission_score,search_keyword
BuyItForLife,Japanese fountain pens that will last forever,submission,"I've been using my Pilot Custom 823 for 5 years now and it's still perfect. The build quality is incredible - solid brass body that you can engrave with initials. I've bought 3 more as gifts for family members. Nothing beats Japanese craftsmanship when it comes to writing instruments.",347,https://reddit.com/r/BuyItForLife/comments/abc123,PenEnthusiast42,2024-01-15,https://reddit.com/r/BuyItForLife/comments/abc123,347,fountain pen
fountainpens,Best Japanese brass pens under $150?,comment,"Absolutely recommend the Kaweco Brass Sport ($89) or the Pilot Custom Heritage 92 ($135). Both can be engraved beautifully and the brass develops a gorgeous patina over time. I have 4 Kaweco pens now - different nib sizes and one for each family member. The personalization makes them perfect gifts.",156,https://reddit.com/r/fountainpens/comments/def456,BrassCollector,2024-01-20,https://reddit.com/r/fountainpens/comments/def456,89,brass
EDC,Higo no Kami - the perfect personalized EDC knife,submission,"This traditional Japanese friction folder knife ($65-120 depending on steel) is amazing for EDC. The brass collar can be engraved with your name or initials. I've collected 5 different sizes over the years - they make incredible gifts and each one is unique. Pure Japanese craftsmanship.",203,https://reddit.com/r/EDC/comments/ghi789,EDCNinja,2024-01-25,https://reddit.com/r/EDC/comments/ghi789,203,knife
MadeInJapan,Artisan leather goods from Japan,comment,"Check out Japanese leather craftsmen making wallets and passport holders. Companies like Ganzo and Il Bisonte Japan create incredible pieces ($80-180) that can be custom embossed or engraved. I bought one wallet, loved it so much I ordered matching cardholders and a passport cover. The leather ages beautifully.",92,https://reddit.com/r/MadeInJapan/comments/jkl012,LeatherLover,2024-02-01,https://reddit.com/r/MadeInJapan/comments/jkl012,145,leather
goodyearwelt,Japanese razor recommendations?,comment,"For traditional wet shaving, nothing beats a Japanese straight razor. Brands like Iwasaki and Yamashita make incredible razors ($90-200) that can be engraved on the tang. Many collectors buy multiple razors for different occasions - daily use, special events, and gifts. The steel quality is unmatched.",78,https://reddit.com/r/goodyearwelt/comments/mno345,SharpEdge,2024-02-05,https://reddit.com/r/goodyearwelt/comments/mno345,156,razor
BuyItForLife,Midori brass accessories are incredible,submission,"Midori makes the most beautiful brass desk accessories - rulers ($55), pen holders ($85), bookmarks ($45). All can be engraved and they develop this amazing patina. I started with one ruler and now have a complete desk set. Perfect for gifting to professionals or students.",189,https://reddit.com/r/BuyItForLife/comments/pqr678,OfficeAesthetic,2024-02-10,https://reddit.com/r/BuyItForLife/comments/pqr678,189,midori
fountainpens,Sailor fountain pen collection growing,comment,"Started with one Sailor Pro Gear ($120) and now have 6 different colors. Each one can be engraved on the cap band. The craftsmanship is incredible - these pens will literally last generations. I give them as graduation gifts and keep buying new limited editions for myself.",134,https://reddit.com/r/fountainpens/comments/stu901,SailorFan,2024-02-15,https://reddit.com/r/fountainpens/comments/stu901,245,sailor
EDC,Japanese titanium tools are the best,comment,"Japanese titanium multitools and pocket items ($75-150) are incredibly durable. Brands like Snow Peak make titanium bottle openers and small tools that can be laser engraved. I have a whole collection now - different tools for different uses, plus extras for gifts.",67,https://reddit.com/r/EDC/comments/vwx234,TitaniumCollector,2024-02-20,https://reddit.com/r/EDC/comments/vwx234,123,titanium
malelivingspace,Japanese wooden desk accessories,submission,"Discovered these amazing Japanese wooden desk organizers and pen stands ($60-140). The craftsmanship is incredible and they can be laser engraved or carved. Started with one and now have a matching set for my entire office. They make great housewarming gifts too.",98,https://reddit.com/r/malelivingspace/comments/yza567,WoodworkAppreciator,2024-02-25,https://reddit.com/r/malelivingspace/comments/yza567,98,wooden
BuyItForLife,Investing in Japanese steel kitchen knives,comment,"While kitchen knives might seem consumable, a proper Japanese steel knife ($80-200) will last decades with proper care. Brands like Miyabi allow custom engraving on the blade. I have 3 different sizes now and they make incredible wedding gifts. The steel holds an edge forever.",156,https://reddit.com/r/BuyItForLife/comments/bcd890,ChefLife,2024-03-01,https://reddit.com/r/BuyItForLife/comments/bcd890,234,steel knife
fountainpens,Platinum 3776 Century - underrated gem,comment,"The Platinum 3776 Century ($89-120) is incredibly underrated. Solid resin body with gold nib, can be engraved on the cap. I have 4 different nib sizes and the consistency is amazing. Perfect for gifting - professional looking and customizable.",89,https://reddit.com/r/fountainpens/comments/efg123,PlatinumFan,2024-03-05,https://reddit.com/r/fountainpens/comments/efg123,178,platinum
EDC,Opinel Japanese collaboration knives,submission,"Opinel's Japanese collaboration series ($55-95) combines French design with Japanese steel. The wooden handles can be laser engraved beautifully. I have 3 different sizes and they're perfect for both utility and gifts. The quality is exceptional for the price point.",145,https://reddit.com/r/EDC/comments/hij456,KnifeCollector2024,2024-03-10,https://reddit.com/r/EDC/comments/hij456,145,opinel
MadeInJapan,Brass desk accessories from Futagami,comment,"Futagami makes incredible brass desk accessories - paperweights ($75), pen stands ($95), card holders ($65). All can be engraved and the brass patina is gorgeous. Started with one piece and now have a complete desk collection. Perfect for corporate gifts too.",72,https://reddit.com/r/MadeInJapan/comments/klm789,BrassEnthusiast,2024-03-15,https://reddit.com/r/MadeInJapan/comments/klm789,156,brass
goodyearwelt,Japanese leather craft tools,comment,"Japanese leather punches and tools ($70-150) are incredible quality. Kyoshin Elle makes tools that can be engraved with maker marks. Many leathercrafters collect the full set over time - each tool serves a specific purpose and they last forever.",45,https://reddit.com/r/goodyearwelt/comments/nop012,LeatherCrafter,2024-03-20,https://reddit.com/r/goodyearwelt/comments/nop012,89,leather tools
BuyItForLife,Yamashita woodworking tools,submission,"Yamashita hand planes and chisels ($85-180) represent the pinnacle of Japanese woodworking. Each tool can be engraved with your name or workshop mark. I've been collecting them for years - different sizes for different projects. They're heirloom quality tools.",167,https://reddit.com/r/BuyItForLife/comments/qrs345,WoodworkerPro,2024-03-25,https://reddit.com/r/BuyItForLife/comments/qrs345,167,woodworking